{"cameraMode":{"drawMode":0,"name":"Shaded","section":"Shading Mode"},"sceneLighting":true,"audioPlay":false,"sceneViewState":{"m_AlwaysRefresh":false,"showFog":true,"showSkybox":true,"showFlares":true,"showImageEffects":true,"showParticleSystems":true,"showVisualEffectGraphs":true,"m_FxEnabled":true},"in2DMode":false,"pivot":{"x":33.73933410644531,"y":22.19281768798828,"z":19.78182601928711},"rotation":{"x":0.09343510121107102,"y":0.20923936367034913,"z":-0.020100481808185579,"w":0.9732176661491394},"size":42.55402374267578,"orthographic":false}